[
  {
    "id": 11,
    "firstname": "<ReferenceError: fisrtName is not defined>",
    "grade": 2,
    "name": "Manning",
    "sex": "male",
    "birdthday": "Wed Jan 24 1973 15:11:52 GMT+0100 (heure normale d’Europe centrale)",
    "address": "Dobbin Street",
    "postal_code": 18232,
    "town": "Lacomb"
  },
  {
    "id": 137,
    "firstname": "<ReferenceError: fisrtName is not defined>",
    "grade": 4,
    "name": "Ashley",
    "sex": "female",
    "birdthday": "Thu Dec 07 1978 15:41:32 GMT+0100 (heure normale d’Europe centrale)",
    "address": "Neptune Avenue",
    "postal_code": 51068,
    "town": "Spokane"
  },
  {
    "id": 215,
    "firstname": "<ReferenceError: fisrtName is not defined>",
    "grade": 3,
    "name": "Randall",
    "sex": "female",
    "birdthday": "Sun May 08 1983 18:37:28 GMT+0200 (heure d’été d’Europe centrale)",
    "address": "Dahill Road",
    "postal_code": 32362,
    "town": "Richford"
  },
  {
    "id": 227,
    "firstname": "<ReferenceError: fisrtName is not defined>",
    "grade": 4,
    "name": "Hogan",
    "sex": "male",
    "birdthday": "Sun Feb 20 2022 13:13:26 GMT+0100 (heure normale d’Europe centrale)",
    "address": "Powers Street",
    "postal_code": 62991,
    "town": "Maybell"
  },
  {
    "id": 70,
    "firstname": "<ReferenceError: fisrtName is not defined>",
    "grade": 3,
    "name": "Blackwell",
    "sex": "male",
    "birdthday": "Sat Apr 25 1970 11:11:23 GMT+0100 (heure normale d’Europe centrale)",
    "address": "Lombardy Street",
    "postal_code": 30553,
    "town": "Mooresburg"
  },
  {
    "id": 54,
    "firstname": "<ReferenceError: fisrtName is not defined>",
    "grade": 4,
    "name": "Ruiz",
    "sex": "male",
    "birdthday": "Thu Dec 24 1981 22:46:57 GMT+0100 (heure normale d’Europe centrale)",
    "address": "Delevan Street",
    "postal_code": 73418,
    "town": "Chicopee"
  },
  {
    "id": 140,
    "firstname": "<ReferenceError: fisrtName is not defined>",
    "grade": 2,
    "name": "Hancock",
    "sex": "male",
    "birdthday": "Mon Dec 14 2015 06:03:15 GMT+0100 (heure normale d’Europe centrale)",
    "address": "Lincoln Road",
    "postal_code": 67285,
    "town": "Idledale"
  },
  {
    "id": 164,
    "firstname": "<ReferenceError: fisrtName is not defined>",
    "grade": 5,
    "name": "Tucker",
    "sex": "male",
    "birdthday": "Mon May 29 2006 16:25:32 GMT+0200 (heure d’été d’Europe centrale)",
    "address": "Cook Street",
    "postal_code": 70903,
    "town": "Golconda"
  },
  {
    "id": 149,
    "firstname": "<ReferenceError: fisrtName is not defined>",
    "grade": 1,
    "name": "Leonard",
    "sex": "female",
    "birdthday": "Wed Sep 28 1988 15:51:32 GMT+0100 (heure normale d’Europe centrale)",
    "address": "Huron Street",
    "postal_code": 89854,
    "town": "Bellamy"
  },
  {
    "id": 46,
    "firstname": "<ReferenceError: fisrtName is not defined>",
    "grade": 1,
    "name": "Fitzgerald",
    "sex": "male",
    "birdthday": "Fri Sep 07 2018 15:11:38 GMT+0200 (heure d’été d’Europe centrale)",
    "address": "Eastern Parkway",
    "postal_code": 15484,
    "town": "Whitewater"
  }
]